dayofweek,daily.avg.census
Mon,9.72439024390244
Tue,13.058536585365854
Wed,16.4
Thu,17.84390243902439
Fri,16.695121951219512
Sat,10.746341463414634
Sun,6.556097560975609
